customer_id,customer_name,city,email,phone,signup_date,country
1320,Isha Chopra,Delhi,isha.chopra560@gmail.com,9968220819,11-01-2023,India
1308,Manish Anderson,New York,manish.anderson685@yahoo.com,4576587590,2021-08-03,United States
1226,Suresh Mehta,London,suresh.mehta728@yahoo.com,4976733026,12 Sep 2021,United Kingdom
1107,Jessica Joshi,San Francisco,jessica.joshi516@outlook.com,4537153542,2021-06-29,United States
1131,Neha Reddy,Kolkata,,9204207858,15/10/2021,India
1351,Aditya Gupta,Bangalore,aditya.gupta928@yahoo.com,9314985660,2021-05-18,India
1193,Aditya Taylor,Hyderabad,aditya.taylor437@gmail.com,9432145583,19/12/2022,India
1523,Sarah Mehta,london,SARAH.MEHTA943@CORP.EXAMPLE,+1 447 567 1024,22 Oct 2021,United Kingdom
1064,Tanvi Chopra,Bangalore,tanvi.chopra65@corp.example,9682812646,04/08/2022,India
1222,Harish Sharma,Bangalore,harish.sharma105@corp.example,9397035708,06-05-2023,India
1402,Varun Davis,London,varun.davis419@outlook.com,4011619394,15/10/2023,United Kingdom
1018,Rohan Johnson,New York,rohan.johnson156@gmail.com,4290222791,14 Feb 2024,United States
1465,Meera Kapoor,Chennai,meera.kapoor269@corp.example,9929372352,21 Mar 2023,India
1152,John Menon,San Francisco,john.menon77@outlook.com,4214586284,14/11/2023,United States
1490,Daniel Brown,Chennai,daniel.brown304@corp.example,9018224792,2021-01-11,India
1032,Siddharth Patel,London,siddharth.patel600@yahoo.com,4657249208,30/05/2023,United Kingdom
1005,James Kapoor,Bangalore,,,2024-02-17,India
1166,Jessica Iyer,Kolkata,jessica.iyer624@yahoo.com,9342608429,12/04/2022,India
1476,Rohan Johnson,Kolkata,rohan.johnson332@yahoo.com,9518597188,18/03/2024,India
1188,Varun Garcia,New York,varun.garcia780@outlook.com,4005278700,02/06/2021,United States
1332,Karan Garcia,Bangalore,karan.garcia387@gmail.com,9330224330,2023-06-14,India
1012,Ritu Sharma,London,ritu.sharma73@yahoo.com,4624595711,27-09-2023,United Kingdom
1460,Sarah Smith,Kolkata,sarah.smith401@yahoo.com,9454917051,21-03-2023,India
1310,Varun Williams,Delhi,varun.williams854@corp.example,9326655137,05/02/2024,India
1099,Karan Nair,Chennai,,9783256748,2021-09-14,India
1210,Tanvi Menon,Hyderabad,tanvi.menon274@gmail.com,9078485646,2023-05-15,India
1030,John Rao,Chennai,john.rao36@outlook.com,,16/02/2022,India
1486,John Rao,Mumbai,john.rao960@gmail.com,9536845480,2021-06-03,India
1167,Harish Chopra,Kolkata,harish.chopra734@outlook.com,9950140990,2022-05-16,India
1489,Daniel Williams,Bangalore,daniel.williams573@yahoo.com,9088902752,17/04/2023,India
1417,Kavya Bose,Mumbai,kavya.bose238@yahoo.com,9963547660,2023-11-01,India
1134,Daniel Taylor,Pune,daniel.taylor489@yahoo.com,9329502599,10-01-2021,India
1381,Varun Rao,Chennai,varun.rao884@yahoo.com,,16/02/2021,India
1239,Siddharth Davis,Mumbai,siddharth.davis340@gmail.com,9707851913,14 Apr 2021,India
1236,Vikram Sharma,New York,vikram.sharma109@gmail.com,4933122406,17/03/2023,United States
1522,Aditya Smith,New York,ADITYA.SMITH687@OUTLOOK.COM,,2024-05-21,United States
1473,Isha Sharma,San Francisco,isha.sharma248@outlook.com,4872869720,2023-02-02,United States
1128,Ananya Miller,Hyderabad,ananya.miller375@yahoo.com,9302782724,07/05/2023,India
1141,Varun Anderson,London,varun.anderson947@gmail.com,4141806304,20/08/2021,United Kingdom
1265,Priya Wilson,Bangalore,priya.wilson740@gmail.com,9536084852,2024-03-03,India
1124,Sarah Rao,Delhi,sarah.rao739@yahoo.com,9045080048,18/09/2023,India
1138,Daniel Williams,Kolkata,daniel.williams860@gmail.com,9055635695,01/04/2023,India
1020,Priya Taylor,New York,priya.taylor916@gmail.com,4598983478,29 Dec 2023,United States
1136,Lakshmi Singh,Mumbai,lakshmi.singh569@gmail.com,9134099783,29 Jun 2023,India
1491,Priya Williams,Hyderabad,priya.williams867@outlook.com,9006433917,05/03/2022,India
1072,Michael Williams,Delhi,michael.williams775@outlook.com,9594724873,23/06/2022,India
1041,Divya Reddy,Delhi,divya.reddy53@outlook.com,9346853560,2023-03-31,India
1246,Lakshmi Chopra,Delhi,lakshmi.chopra327@yahoo.com,9680021379,29/05/2022,India
1319,Gaurav Anderson,Hyderabad,gaurav.anderson60@yahoo.com,9626163545,2023-11-22,India
1084,Karan Nair,Bangalore,karan.nair34@gmail.com,9192520002,29/03/2021,India
1516,Suresh P Chopra,NYC,suresh.chopra357@gmail.com,+1 413 744 9981,2022-12-01,United States
1153,Pooja Smith,Kolkata,pooja.smith915@yahoo.com,,22-01-2021,India
1376,Daniel Sharma,Chennai,daniel.sharma980@outlook.com,9602387564,22/04/2022,India
1197,Laura Wilson,New York,laura.wilson890@gmail.com,4524480243,2021-02-11,United States
1160,Ananya Joshi,Hyderabad,ananya.joshi547@corp.example,9611658363,2023-08-15,India
1461,Anjali Kulkarni,Hyderabad,anjali.kulkarni180@gmail.com,9039020475,30-04-2021,India
1410,Harish Smith,Hyderabad,harish.smith218@corp.example,9182283544,2021-06-18,India
1304,Laura Das,Chennai,laura.das303@gmail.com,9417119237,2023-08-18,India
1298,Neha Chopra,San Francisco,neha.chopra674@outlook.com,4836194962,2022-06-08,United States
1377,Isha Anderson,Delhi,isha.anderson722@corp.example,9500635607,2024-01-23,India
1036,Arjun Williams,Pune,arjun.williams151@outlook.com,9499207074,23/07/2021,India
1493,Vikram Patel,Hyderabad,vikram.patel765@yahoo.com,9219677629,17 May 2023,India
1215,Michael Davis,New York,michael.davis823@outlook.com,4146471772,26/11/2023,United States
1158,Rahul Kulkarni,London,rahul.kulkarni311@corp.example,4471369364,28/03/2023,United Kingdom
1192,Divya Das,San Francisco,divya.das280@gmail.com,4459989208,2021-07-15,United States
1176,Harish Anderson,Mumbai,harish.anderson644@corp.example,9376724991,2021-10-18,India
1288,Ananya Kulkarni,Bangalore,ananya.kulkarni569@corp.example,9617723670,2021-08-31,India
1343,Sarah Mehta,London,sarah.mehta943@corp.example,4475671024,2021-04-20,United Kingdom
1157,Nisha Taylor,New York,nisha.taylor983@gmail.com,4093330292,2022-10-07,United States
1459,Emily Reddy,New York,emily.reddy750@yahoo.com,4115889820,05/07/2022,United States
1446,Anjali Williams,Pune,anjali.williams189@yahoo.com,9650145392,21-12-2021,India
1470,Laura Mehta,San Francisco,laura.mehta248@corp.example,4570441658,2022-09-01,United States
1515,Manish Brown,Poona,MANISH.BROWN967@YAHOO.COM,+91-93372-11781,2023-01-12,India
1247,Lakshmi Davis,San Francisco,lakshmi.davis727@corp.example,4077500186,2023-07-06,United States
1065,Lakshmi Bose,Pune,lakshmi.bose977@gmail.com,9956605366,22/02/2022,India
1273,Ritu Kapoor,Mumbai,ritu.kapoor469@corp.example,9830287313,2023-05-29,India
1022,Arjun Davis,Bangalore,arjun.davis247@corp.example,9341252427,26/03/2022,India
1043,Ravi Bose,Pune,ravi.bose352@outlook.com,9446347861,2021-12-09,India
1252,Ritu Kulkarni,Delhi,ritu.kulkarni514@corp.example,9502487861,2022-07-18,India
1229,Laura Nair,Delhi,laura.nair890@gmail.com,9027439582,26/09/2022,India
1248,Lakshmi Taylor,London,lakshmi.taylor525@yahoo.com,4705720423,27/03/2024,United Kingdom
1087,Laura Smith,Hyderabad,laura.smith792@gmail.com,9708931942,13/06/2023,India
1353,David Gupta,San Francisco,david.gupta381@outlook.com,,02/11/2021,United States
1139,Tanvi Iyer,Hyderabad,tanvi.iyer333@yahoo.com,9360518215,06/06/2023,India
1053,Ritu Gupta,New York,ritu.gupta918@yahoo.com,4609260309,2021-10-18,United States
1071,Nikhil Das,Mumbai,nikhil.das669@yahoo.com,9191327423,2021-05-15,India
1147,Shreya Johnson,Hyderabad,shreya.johnson610@corp.example,9076742842,2023-06-12,India
1293,Aditya Kapoor,Pune,aditya.kapoor804@corp.example,9350625609,05/02/2023,India
1358,David Smith,Pune,david.smith697@corp.example,,2021-09-17,India
1442,Siddharth Singh,Delhi,siddharth.singh191@corp.example,9275296813,14 Sep 2022,India
1034,Sneha Miller,New York,sneha.miller20@yahoo.com,4407188181,2023-08-29,United States
1357,Neha Kulkarni,Kolkata,neha.kulkarni4@yahoo.com,9136184553,30/06/2022,India
1511,Rahul Iyer,Kolkata,rahul.iyer478@gmail.com,,10 May 2024,India
1054,Daniel Iyer,Delhi,daniel.iyer727@gmail.com,9675112532,11 Dec 2023,India
1112,Rahul Davis,Bangalore,rahul.davis686@gmail.com,9312704937,2022-01-19,India
1015,Emily Mehta,New York,emily.mehta495@gmail.com,4511637265,2021-06-27,United States
1092,Tanvi Wilson,New York,tanvi.wilson332@yahoo.com,4749325738,28-01-2022,United States
1463,Neha Smith,London,,4375395179,2022-01-08,United Kingdom
1257,Divya Anderson,Delhi,divya.anderson866@yahoo.com,9338140642,2023-02-27,India
1513,G. Johnson,Chennai,gaurav.johnson356@corp.example,+91-96161-85286,19 Sep 2022,India
1277,Manish Garcia,Pune,manish.garcia138@outlook.com,9505612727,30/10/2022,India
1314,Sneha Wilson,Pune,sneha.wilson176@yahoo.com,9485664238,2022-11-20,India
1296,Karan Patel,Kolkata,karan.patel600@corp.example,9493246106,02 Aug 2021,India
1305,Nikhil Bose,Mumbai,nikhil.bose535@outlook.com,9030384379,2022-01-29,India
1294,Karan Rao,Delhi,karan.rao848@gmail.com,9949778862,2022-06-19,India
1097,Isha Das,London,isha.das527@gmail.com,4504466001,08 May 2023,United Kingdom
1474,Kavya Sharma,Delhi,kavya.sharma666@outlook.com,9090224418,20/11/2021,India
1037,Pooja Davis,San Francisco,pooja.davis502@outlook.com,4477718341,2023-08-27,United States
1274,Ananya Williams,Bangalore,ananya.williams89@outlook.com,9131154444,2021-10-30,India
1199,Kavya Patel,Delhi,kavya.patel829@outlook.com,9034805035,01-11-2022,India
1323,Karan Wilson,San Francisco,karan.wilson802@yahoo.com,4438239239,2021-08-13,United States
1129,Daniel Rao,Pune,daniel.rao160@gmail.com,9945247157,16/09/2023,India
1195,Pooja Sharma,Kolkata,pooja.sharma911@corp.example,9769429124,2022-09-24,India
1035,Manish Anderson,Chennai,manish.anderson77@outlook.com,9337761740,11/02/2022,India
1211,Neha Mehta,Bangalore,neha.mehta680@gmail.com,9900685785,2023-07-22,India
1433,Anjali Singh,Chennai,anjali.singh405@gmail.com,9828630765,10-02-2023,India
1254,Gaurav Menon,Bangalore,gaurav.menon272@yahoo.com,9819614221,08-04-2023,India
1481,Tanvi Johnson,Hyderabad,tanvi.johnson153@gmail.com,9765907017,2021-06-06,India
1397,Laura Rao,Hyderabad,laura.rao390@yahoo.com,9766884190,2023-07-09,India
1395,Rohan Iyer,Pune,rohan.iyer687@gmail.com,9044821114,21 Feb 2021,India
1057,Aditya Wilson,Hyderabad,aditya.wilson65@outlook.com,9459045440,14/05/2021,India
1009,Rohan Bose,Kolkata,,9563212233,2021-01-25,India
1312,Vikram Smith,Mumbai,vikram.smith347@yahoo.com,9487295525,20/01/2022,India
1453,Anjali Kulkarni,Pune,anjali.kulkarni964@outlook.com,9069480427,01/03/2022,India
1287,Ravi Singh,Mumbai,ravi.singh891@gmail.com,,2021-08-26,India
1509,Daniel Williams,Kolkata,DANIEL.WILLIAMS860@GMAIL.COM,9055635695,21 Aug 2023,India
1477,Nikhil Reddy,Mumbai,nikhil.reddy764@outlook.com,9586588957,15/07/2022,India
1024,Arjun Reddy,Bangalore,arjun.reddy941@yahoo.com,9144024264,2023-04-12,India
1151,Harish Nair,Kolkata,harish.nair901@yahoo.com,9767995812,13/01/2023,India
1364,Varun Kapoor,New York,varun.kapoor283@gmail.com,4587388684,2022-08-24,United States
1380,Nisha Garcia,Pune,nisha.garcia996@yahoo.com,9128009371,19/07/2023,India
1427,Isha Joshi,Delhi,isha.joshi724@corp.example,9974498229,01 Feb 2023,India
1388,Olivia Bose,Chennai,olivia.bose855@corp.example,9126282536,2023-03-06,India
1469,Michael Davis,London,michael.davis810@gmail.com,4190029481,14-04-2024,United Kingdom
1439,Amit Chopra,Mumbai,amit.chopra577@yahoo.com,9205413374,24/06/2023,India
1003,Harish Miller,Bangalore,harish.miller193@outlook.com,,2022-10-06,India
1058,Priya Rao,New York,,4646727204,06/11/2021,United States
1504,D. Rao,Poona,DANIEL.RAO160@GMAIL.COM,+91-99452-47157,2024-10-18,India
1109,Daniel Taylor,Hyderabad,daniel.taylor104@gmail.com,9248442605,11/02/2021,India
1004,Olivia Brown,Hyderabad,olivia.brown946@corp.example,9432319487,05-12-2022,India
1500,Lakshmi S Chopra,Delhi,lakshmi.chopra327@yahoo.com,+91-96800-21379,18/05/2023,India
1162,Pooja Nair,San Francisco,pooja.nair894@gmail.com,4184609240,2023-03-10,United States
1331,David Williams,Mumbai,david.williams624@outlook.com,9561580454,11 Oct 2023,India
1406,Manish Garcia,Pune,manish.garcia180@outlook.com,9936721412,02/09/2023,India
1341,Harish Bose,London,harish.bose929@outlook.com,4860192164,21-08-2021,United Kingdom
1306,Isha Mehta,Delhi,isha.mehta319@outlook.com,9203754658,20/09/2022,India
1098,Daniel Miller,London,daniel.miller716@outlook.com,4413468367,11 Mar 2022,United Kingdom
1352,Gaurav Garcia,Pune,gaurav.garcia435@gmail.com,9826500069,25-12-2023,India
1487,Manish Sharma,London,manish.sharma377@gmail.com,4038871951,2023-12-27,United Kingdom
1338,Meera Chopra,Delhi,meera.chopra180@corp.example,9088056396,18/04/2023,India
1449,Isha Chopra,Delhi,isha.chopra511@outlook.com,9349133303,2023-12-09,India
1039,Jessica Kapoor,Kolkata,jessica.kapoor745@yahoo.com,,03/09/2021,India
1244,Kavya Menon,London,kavya.menon404@corp.example,4045142768,11/05/2022,United Kingdom
1326,Lakshmi Kapoor,New York,lakshmi.kapoor166@yahoo.com,4123951842,06/05/2023,United States
1397,Laura Rao,Hyderabad,laura.rao390@yahoo.com,9766884190,2023-07-09,India
1398,Manish Mehta,Kolkata,manish.mehta158@corp.example,9945298262,13-07-2022,India
1198,Pooja Iyer,Chennai,pooja.iyer410@corp.example,9948133029,2021-04-10,India
1212,Divya Williams,Bangalore,divya.williams676@outlook.com,9839447589,04/09/2023,India
1185,Gaurav Mehta,Bangalore,gaurav.mehta471@outlook.com,9261939152,2023-01-22,India
1512,Rahul J Brown,London,rahul.brown899@gmail.com,,09/01/2024,United Kingdom
1001,John Nair,Bangalore,john.nair405@gmail.com,9815908301,2023-06-08,India
1251,Ritu Joshi,Kolkata,ritu.joshi951@corp.example,9145656741,2022-02-22,India
1418,Rahul Joshi,Chennai,rahul.joshi39@corp.example,,05/02/2023,India
1422,Lakshmi Miller,Pune,lakshmi.miller925@gmail.com,,20/02/2023,India
1356,Amit Joshi,San Francisco,amit.joshi49@gmail.com,4386233647,2021-07-07,United States
1118,Meera Anderson,Pune,meera.anderson912@yahoo.com,9875818876,15/02/2022,India
1104,Pooja Smith,Bangalore,pooja.smith81@corp.example,9814632778,30-04-2021,India
1283,Emily Joshi,Mumbai,emily.joshi853@yahoo.com,9631355490,2022-01-25,India
1059,Gaurav Rao,New York,gaurav.rao336@outlook.com,4591836236,2021-05-13,United States
1008,Anjali Iyer,Delhi,anjali.iyer224@outlook.com,9366712768,2022-07-24,India
1180,Emily Smith,Chennai,emily.smith907@gmail.com,9371295896,2023-01-08,India
1114,Ritu Patel,Pune,ritu.patel399@outlook.com,9927905597,21 Aug 2023,India
1363,Rohan Menon,London,rohan.menon364@yahoo.com,4482806692,31-03-2021,United Kingdom
1113,Sneha Menon,Bangalore,sneha.menon793@yahoo.com,9487740000,31-01-2021,India
1230,Manish Joshi,Delhi,manish.joshi562@yahoo.com,9360562438,2021-07-11,India
1066,Karan Patel,New York,karan.patel112@corp.example,4342075096,26/06/2021,United States
1046,Pooja Das,Mumbai,pooja.das277@outlook.com,9749528831,10/07/2022,India
1372,David Miller,Pune,david.miller39@outlook.com,9777006739,2021-12-25,India
1328,Tanvi Sharma,Hyderabad,tanvi.sharma43@corp.example,,20-01-2023,India
1175,Neha Patel,Mumbai,neha.patel142@gmail.com,9624528214,2022-11-01,India
1106,Tanvi Taylor,Pune,tanvi.taylor935@yahoo.com,9656480445,2023-10-09,India
1275,Anjali Williams,Chennai,anjali.williams591@outlook.com,9011019386,23/07/2023,India
1123,Gaurav Miller,Bangalore,gaurav.miller407@gmail.com,9459318627,24/11/2021,India
1183,Kavya Bose,New York,kavya.bose696@gmail.com,4288818176,2024-01-20,United States
1241,Laura Das,London,laura.das845@outlook.com,4811433397,2024-02-25,United Kingdom
1186,Emily Anderson,Pune,,9135885709,2022-12-25,India
1262,Arjun Miller,London,arjun.miller281@gmail.com,4166896305,2023-12-25,United Kingdom
1242,Neha Chopra,Kolkata,neha.chopra589@gmail.com,9656613596,17/09/2022,India
1108,Amit Das,San Francisco,amit.das741@corp.example,4906410037,2021-05-04,United States
1048,Jessica Smith,New York,,4313228171,04 Feb 2024,United States
1127,Arjun Williams,Delhi,arjun.williams888@outlook.com,9716017553,05/09/2023,India
1361,Varun Wilson,Delhi,varun.wilson442@yahoo.com,9411613020,2022-12-26,India
1223,Kavya Joshi,Pune,kavya.joshi393@outlook.com,9868604436,13 Jun 2023,India
1435,Nisha Chopra,Delhi,nisha.chopra627@yahoo.com,9480604875,14/03/2022,India
1264,Ananya Das,Chennai,ananya.das170@outlook.com,9180733438,2022-08-30,India
1085,Arjun Wilson,London,arjun.wilson48@gmail.com,4538161333,18/08/2021,United Kingdom
1385,Anjali Wilson,Delhi,anjali.wilson935@corp.example,9826278333,25/12/2022,India
1164,Kavya Rao,Kolkata,kavya.rao296@yahoo.com,9456724205,2022-12-21,India
1261,Siddharth Mehta,Pune,siddharth.mehta570@yahoo.com,9980320846,2023-02-06,India
1519,Michael R Joshi,London,MICHAEL.JOSHI7@OUTLOOK.COM,+1 475 303 7902,01 May 2022,United Kingdom
1466,Lakshmi Das,Kolkata,lakshmi.das874@corp.example,9250642853,20 Feb 2023,India
1045,Isha Joshi,Hyderabad,isha.joshi570@gmail.com,9354930666,10/12/2023,India
1168,Ananya Iyer,Chennai,ananya.iyer811@outlook.com,9516693481,16/12/2022,India
1371,Neha Rao,Bangalore,neha.rao483@outlook.com,9095891871,02-05-2022,India
1270,Ananya Chopra,Bangalore,ananya.chopra614@corp.example,9330693031,2022-02-14,India
1403,Suresh Gupta,Mumbai,suresh.gupta589@corp.example,,12-07-2021,India
1340,Manish Anderson,Delhi,,9987417026,19 Jun 2021,India
1472,Harish Gupta,Hyderabad,harish.gupta670@corp.example,9432884291,07-02-2024,India
1163,Kavya Garcia,Hyderabad,kavya.garcia182@yahoo.com,9311858431,30 Sep 2022,India
1278,Divya Anderson,Kolkata,divya.anderson256@gmail.com,9805385503,2022-12-03,India
1062,Arjun Das,San Francisco,arjun.das258@yahoo.com,4831701073,08/07/2023,United States
1268,Olivia Chopra,Mumbai,olivia.chopra788@yahoo.com,9335611923,21/06/2023,India
1187,Ananya Anderson,Bangalore,ananya.anderson22@corp.example,9142284629,28/05/2022,India
1475,Daniel Miller,Hyderabad,daniel.miller160@outlook.com,9227276224,2023-02-28,India
1145,Michael Wilson,San Francisco,michael.wilson782@gmail.com,4326552399,2022-07-21,United States
1083,Varun Chopra,Mumbai,varun.chopra484@gmail.com,9639436991,03 Mar 2024,India
1436,Laura Taylor,Kolkata,laura.taylor21@corp.example,9311346365,26/03/2024,India
1450,Neha Nair,Hyderabad,neha.nair549@corp.example,9750336873,2021-04-03,India
1508,Karan R Iyer,London,karan.iyer274@gmail.com,,08/08/2023,United Kingdom
1365,Siddharth Anderson,Hyderabad,siddharth.anderson443@outlook.com,9048055606,2023-12-11,India
1399,Neha Reddy,Kolkata,neha.reddy575@gmail.com,9109749711,12 Aug 2021,India
1154,Divya Miller,London,divya.miller918@yahoo.com,4369122881,2021-03-01,United Kingdom
1019,Sneha Joshi,Bangalore,,9803340187,25 Feb 2024,India
1231,Aditya Kulkarni,Kolkata,aditya.kulkarni153@yahoo.com,9561051388,30/05/2021,India
1033,Nikhil Nair,London,nikhil.nair932@gmail.com,4310025167,18 Feb 2024,United Kingdom
1016,Jessica Kulkarni,Delhi,jessica.kulkarni412@gmail.com,,30-08-2023,India
1206,Karan Kulkarni,Bangalore,karan.kulkarni700@corp.example,9656509330,2021-03-19,India
1325,Meera Joshi,Chennai,meera.joshi472@yahoo.com,9856333265,2023-06-12,India
1191,Michael Joshi,London,michael.joshi7@outlook.com,4753037902,22/10/2021,United Kingdom
1520,JESSICA KAPOOR,Kolkata,JESSICA.KAPOOR745@YAHOO.COM,9565150556,29 Mar 2022,India
1052,Nikhil Patel,Chennai,nikhil.patel211@corp.example,9433734419,2023-10-13,India
1369,Ananya Singh,London,ananya.singh451@corp.example,4406626051,2022-10-20,United Kingdom
1286,Sarah Menon,Chennai,sarah.menon171@gmail.com,9246033365,2022-05-09,India
1105,Anjali Davis,Hyderabad,anjali.davis304@corp.example,9661250090,08/11/2022,India
1379,Tanvi Johnson,London,tanvi.johnson138@corp.example,4124443899,01 Apr 2022,United Kingdom
1140,Aditya Smith,Chennai,aditya.smith686@gmail.com,9266700094,14-07-2022,India
1412,Harish Iyer,London,harish.iyer908@gmail.com,4097826287,29/06/2022,United Kingdom
1272,Priya Chopra,Bangalore,priya.chopra776@gmail.com,9228298518,21-02-2023,India
1256,Rohan Mehta,Kolkata,rohan.mehta347@gmail.com,9180939663,2024-03-20,India
1255,Jessica Anderson,Kolkata,jessica.anderson761@outlook.com,9675522886,15 Aug 2022,India
1455,Vikram Chopra,Kolkata,vikram.chopra977@gmail.com,9277228628,2023-05-11,India
1423,Siddharth Wilson,London,siddharth.wilson722@outlook.com,4921378652,08 Jul 2023,United Kingdom
1017,Suresh Smith,Pune,,9862057986,2023-10-25,India
1438,Harish Bose,Chennai,harish.bose648@yahoo.com,9988654657,03/07/2023,India
1498,Anjali Singh,Madras,anjali.singh405@gmail.com,+91-98286-30765,2023-08-31,India
1311,Ananya Patel,New York,,4329476323,03 Oct 2023,United States
1226,Suresh Mehta,London,suresh.mehta728@yahoo.com,4976733026,12 Sep 2021,United Kingdom
1031,Neha Smith,Bangalore,neha.smith795@gmail.com,9412690604,16/09/2022,India
1408,Nikhil Das,Delhi,nikhil.das193@corp.example,9858701318,2021-12-20,India
1335,Karan Reddy,Bangalore,karan.reddy475@yahoo.com,9239535165,12 Mar 2023,India
1521,Tanvi K Sharma,Hyderabad,tanvi.sharma43@corp.example,,09/05/2023,India
1121,Pooja Mehta,Pune,pooja.mehta95@yahoo.com,9599568230,08-10-2023,India
1367,Amit Garcia,Kolkata,amit.garcia135@outlook.com,9746252225,30/07/2022,India
1218,Amit Garcia,Kolkata,amit.garcia772@outlook.com,9694536929,2022-01-28,India
1060,Amit Chopra,Delhi,amit.chopra566@outlook.com,9611491316,18-10-2023,India
1336,Daniel Singh,New York,daniel.singh457@yahoo.com,4022225078,10 Mar 2021,United States
1413,Michael Das,Bangalore,michael.das165@yahoo.com,,23/10/2023,India
1339,Emily Chopra,Hyderabad,emily.chopra979@yahoo.com,,21/02/2024,India
1414,Sarah Smith,Hyderabad,sarah.smith105@gmail.com,9444687777,2024-03-06,India
1421,Emily Kapoor,London,emily.kapoor557@yahoo.com,4690678929,06/09/2023,United Kingdom
1259,Kavya Menon,Bangalore,kavya.menon24@gmail.com,9530727480,2023-07-02,India
1348,David Brown,Hyderabad,david.brown561@yahoo.com,9053714759,13/01/2023,India
1281,Arjun Williams,Pune,arjun.williams70@corp.example,,2024-02-16,India
1122,Amit Mehta,London,amit.mehta892@corp.example,4934461799,2021-09-26,United Kingdom
1258,Ritu Singh,London,ritu.singh730@gmail.com,4984933415,2024-03-11,United Kingdom
1225,Aditya Kulkarni,Hyderabad,aditya.kulkarni942@gmail.com,9081695043,2023-06-19,India
1182,Aditya Smith,New York,aditya.smith687@outlook.com,4387389189,2024-03-06,United States
1146,Shreya Reddy,Pune,shreya.reddy757@corp.example,,2023-03-26,India
1394,Shreya Taylor,Delhi,,9663083793,16/02/2024,India
1347,Vikram Johnson,Delhi,vikram.johnson510@outlook.com,9515612794,2022-11-08,India
1089,Manish Brown,Pune,manish.brown967@yahoo.com,9337211781,2022-10-31,India
1452,Anjali Mehta,New York,anjali.mehta204@gmail.com,4391521385,11/01/2023,United States
1240,Sarah Anderson,Hyderabad,,9927724407,04/12/2021,India
1392,Daniel Reddy,Mumbai,daniel.reddy773@yahoo.com,9151770335,17 Mar 2021,India
1499,TANVI MILLER,Kolkata,TANVI.MILLER797@OUTLOOK.COM,,08/05/2022,India
1148,Harish Das,Bangalore,harish.das596@yahoo.com,9559353600,2021-04-08,India
1300,Nisha Iyer,London,nisha.iyer204@gmail.com,4868401021,25/05/2022,United Kingdom
1428,Meera Rao,Bangalore,meera.rao712@gmail.com,9340451478,23-11-2021,India
1416,Ravi Anderson,Mumbai,ravi.anderson48@yahoo.com,9271170076,2023-10-30,India
1344,Gaurav Johnson,Hyderabad,gaurav.johnson755@yahoo.com,9634807701,17/06/2021,India
1220,Nisha Brown,Kolkata,nisha.brown474@corp.example,9672176728,20/01/2021,India
1117,Gaurav Taylor,New York,gaurav.taylor918@yahoo.com,,14/08/2022,United States
1510,Kavya R Garcia,hyderabad,KAVYA.GARCIA182@YAHOO.COM,9311858431,2023-03-08,India
1116,Sneha Williams,London,sneha.williams998@outlook.com,4029496366,2023-02-10,United Kingdom
1315,Sneha Menon,Hyderabad,sneha.menon918@yahoo.com,9280875773,29/11/2022,India
1496,Shreya A Chopra,Hyderabad,SHREYA.CHOPRA349@YAHOO.COM,+91-91588-44536,30 Jan 2024,India
1033,Nikhil Nair,London,nikhil.nair932@gmail.com,4310025167,18 Feb 2024,United Kingdom
1074,Ananya Taylor,Hyderabad,ananya.taylor544@gmail.com,9788914865,27-06-2022,India
1430,Olivia Davis,New York,olivia.davis54@corp.example,4106533965,2023-07-19,United States
1155,Vikram Patel,New York,vikram.patel175@corp.example,4960095235,19/07/2022,United States
1173,James Kulkarni,Pune,james.kulkarni583@outlook.com,9281007715,29 Feb 2024,India
1010,Ritu Miller,New York,,4866661760,26/01/2022,United States
1396,Sarah Garcia,San Francisco,sarah.garcia184@corp.example,4611874776,2021-08-07,United States
1424,Isha Johnson,Hyderabad,isha.johnson986@outlook.com,,27/01/2024,India
1227,Sneha Nair,London,sneha.nair884@gmail.com,4720827343,2023-12-31,United Kingdom
1228,Karan Nair,San Francisco,karan.nair797@yahoo.com,4171310634,26/06/2023,United States
1208,Shreya Bose,Chennai,shreya.bose3@yahoo.com,9828818571,17/12/2022,India
1196,Manish Wilson,Bangalore,manish.wilson586@outlook.com,9391924957,02/01/2023,India
1411,Divya Mehta,Kolkata,divya.mehta405@gmail.com,,06-04-2023,India
1006,Harish Anderson,Hyderabad,,9597971147,14/05/2021,India
1321,Sneha Iyer,San Francisco,sneha.iyer213@gmail.com,4387283227,2021-03-04,United States
1130,Ananya Nair,Chennai,ananya.nair526@gmail.com,9874143564,04 May 2022,India
1503,Ravi Menon,Poona,ravi.menon803@yahoo.com,9646270453,02 May 2023,India
1159,Anjali Sharma,Bangalore,anjali.sharma812@yahoo.com,,2023-01-14,India
1276,Daniel Williams,Bangalore,daniel.williams589@yahoo.com,9000260294,2023-06-24,India
1457,Rohan Sharma,Chennai,rohan.sharma95@outlook.com,9531062017,2023-09-19,India
1327,Ravi Kulkarni,New York,ravi.kulkarni788@corp.example,4478379828,2021-12-13,United States
1143,Emily Rao,London,emily.rao194@corp.example,4605235857,2022-07-07,United Kingdom
1334,Kavya Miller,London,kavya.miller894@yahoo.com,4240102100,2022-11-03,United Kingdom
1420,Anjali Reddy,New York,anjali.reddy415@gmail.com,4689019740,2023-05-13,United States
1181,Shreya Rao,Kolkata,shreya.rao579@corp.example,9413238134,14 Jul 2021,India
1205,James Gupta,Pune,james.gupta446@yahoo.com,9012024285,19/07/2021,India
1103,James Menon,Chennai,james.menon804@yahoo.com,9682991843,2023-10-10,India
1290,Vikram Patel,New York,vikram.patel489@outlook.com,4721751345,2021-05-20,United States
1447,Daniel Wilson,Hyderabad,daniel.wilson293@gmail.com,9921448647,2022-08-04,India
1333,Manish Reddy,Delhi,manish.reddy752@gmail.com,9881263076,15 May 2023,India
1177,Laura Nair,Mumbai,laura.nair291@gmail.com,9865170226,29/08/2022,India
1194,Tanvi Garcia,Mumbai,tanvi.garcia416@outlook.com,9557853352,2021-10-05,India
1494,Anjali Gupta,Pune,,9819825539,2022-04-30,India
1426,Anjali Reddy,Pune,anjali.reddy222@yahoo.com,9300412785,2021-09-22,India
1056,Ananya Johnson,Kolkata,ananya.johnson988@yahoo.com,,2023-07-04,India
1070,Michael Bose,New York,michael.bose375@gmail.com,4880021581,2021-04-22,United States
1184,Karan Mehta,Bangalore,karan.mehta577@corp.example,9259063050,01-02-2021,India
1284,Arjun Patel,Pune,arjun.patel162@outlook.com,9202710641,12 Mar 2024,India
1501,Laura M Brown,NYC,laura.brown658@gmail.com,,2021-07-21,United States
1011,Arjun Mehta,Bangalore,arjun.mehta452@yahoo.com,9590109281,2023-01-15,India
1368,Sneha Davis,Hyderabad,sneha.davis874@yahoo.com,9020663258,2021-09-02,India
1505,Olivia Iyer,Hyderabad,OLIVIA.IYER320@CORP.EXAMPLE,9572101415,05 Feb 2024,India
1044,Karan Patel,San Francisco,karan.patel213@corp.example,4375762833,2021-07-05,United States
1280,Ritu Kulkarni,Pune,ritu.kulkarni630@yahoo.com,9635401349,18/10/2021,India
1355,Laura Joshi,Chennai,laura.joshi488@gmail.com,9078309231,2022-06-17,India
1478,Rohan Patel,Bangalore,rohan.patel821@outlook.com,9360084882,21/04/2023,India
1249,Nikhil Iyer,London,nikhil.iyer402@yahoo.com,4434806861,2023-02-19,United Kingdom
1155,Vikram Patel,New York,vikram.patel175@corp.example,4960095235,19/07/2022,United States
1292,Karan Sharma,Chennai,karan.sharma369@corp.example,9175873933,22/08/2023,India
1025,Kavya Williams,Bangalore,kavya.williams877@yahoo.com,9417058649,22-09-2021,India
1404,Shreya Chopra,Hyderabad,shreya.chopra349@yahoo.com,9158844536,17-11-2023,India
1149,Manish Brown,Pune,manish.brown918@corp.example,9848968866,09/08/2023,India
1091,David Miller,Delhi,david.miller240@corp.example,9899059582,12/07/2023,India
1088,Rahul Smith,Mumbai,rahul.smith207@outlook.com,9057172795,22/11/2023,India
1482,Gaurav Johnson,Chennai,gaurav.johnson356@corp.example,9616185286,2022-03-04,India
1434,Ananya Johnson,Kolkata,ananya.johnson652@gmail.com,9246824577,13 Aug 2022,India
1448,Kavya Brown,New York,kavya.brown947@corp.example,4458805694,2024-02-25,United States
1111,David Williams,New York,david.williams607@yahoo.com,4681173206,2021-01-10,United States
1094,Divya Mehta,New York,divya.mehta907@corp.example,4006638470,18/10/2021,United States
1068,Tanvi Miller,Kolkata,tanvi.miller797@outlook.com,9493665787,02/01/2022,India
1456,Divya Singh,Bangalore,divya.singh88@yahoo.com,9759188828,2022-03-17,India
1135,Anjali Kulkarni,San Francisco,anjali.kulkarni526@gmail.com,4820313922,30/07/2021,United States
1383,Olivia Mehta,Pune,olivia.mehta962@yahoo.com,9483246031,21/03/2022,India
1169,Laura Kulkarni,San Francisco,laura.kulkarni953@outlook.com,4780368273,2021-03-31,United States
1235,Harish Johnson,Hyderabad,harish.johnson44@outlook.com,9346832388,2022-05-06,India
1437,Olivia Miller,Kolkata,,9131481976,20/12/2022,India
1190,Pooja Kapoor,London,pooja.kapoor916@yahoo.com,4903257597,2023-03-06,United Kingdom
1342,Gaurav Bose,Bangalore,gaurav.bose453@outlook.com,9751074314,24/07/2022,India
1329,Jessica Anderson,Hyderabad,jessica.anderson335@yahoo.com,9288624120,2022-10-24,India
1045,Isha Joshi,Hyderabad,isha.joshi570@gmail.com,9354930666,10/12/2023,India
1299,Sarah Reddy,San Francisco,sarah.reddy986@outlook.com,4339354421,21/07/2023,United States
1346,Varun Williams,Chennai,varun.williams876@corp.example,9167506377,2023-12-22,India
1161,Suresh Menon,Mumbai,suresh.menon243@corp.example,9405232134,21-01-2024,India
1137,Vikram Menon,Delhi,,,07/09/2021,India
1077,Daniel Brown,Chennai,daniel.brown309@yahoo.com,,16/07/2021,India
1384,James Anderson,San Francisco,james.anderson378@corp.example,4587095632,13/12/2022,United States
1126,David Reddy,Kolkata,david.reddy384@corp.example,9273207302,28-03-2022,India
1026,Amit Smith,Bangalore,amit.smith727@yahoo.com,9240234483,17 Aug 2022,India
1309,Laura Smith,Kolkata,laura.smith88@yahoo.com,9100428115,02/12/2021,India
1082,Manish Rao,Bangalore,manish.rao660@gmail.com,9540486844,2022-03-21,India
1289,Aditya Patel,New York,aditya.patel273@outlook.com,4735801837,19/03/2022,United States
1350,Sneha Bose,Hyderabad,sneha.bose90@outlook.com,9908659820,2024-03-19,India
1359,Meera Patel,Delhi,meera.patel496@corp.example,9029011530,2022-03-29,India
1078,Arjun Miller,Kolkata,arjun.miller149@outlook.com,9400859979,27-11-2023,India
1213,Harish Rao,San Francisco,,4583825322,2023-08-01,United States
1238,John Bose,Mumbai,john.bose806@corp.example,9132822523,2022-02-10,India
1454,Pooja Rao,London,pooja.rao151@gmail.com,4427650660,2023-11-03,United Kingdom
1297,Priya Kapoor,Delhi,priya.kapoor73@outlook.com,9261864891,2023-07-03,India
1216,Meera Sharma,Hyderabad,,9783958564,06/02/2021,India
1120,Michael Taylor,Kolkata,michael.taylor65@yahoo.com,9984857893,23/01/2022,India
1219,Nisha Menon,Hyderabad,nisha.menon65@yahoo.com,9117668670,09/08/2021,India
1307,Sneha Taylor,Bangalore,sneha.taylor624@outlook.com,9405832237,2021-03-03,India
1050,Neha Chopra,San Francisco,neha.chopra539@yahoo.com,4306400376,16 Jun 2021,United States
1492,Arjun Miller,Bangalore,arjun.miller712@yahoo.com,9331791565,2023-09-01,India
1063,Manish Iyer,Mumbai,manish.iyer614@yahoo.com,9565294130,2023-10-13,India
1393,John Taylor,San Francisco,john.taylor398@corp.example,4634619876,2024-04-12,United States
1301,Rahul Gupta,Pune,rahul.gupta236@yahoo.com,9300111327,2022-11-18,India
1354,Ananya Brown,Delhi,ananya.brown816@gmail.com,9489918767,19/01/2024,India
1401,Kavya Johnson,Delhi,kavya.johnson200@gmail.com,9467493509,2021-07-19,India
1013,Nikhil Joshi,London,nikhil.joshi652@yahoo.com,4336338750,2021-02-27,United Kingdom
1362,Kavya Kapoor,San Francisco,kavya.kapoor605@outlook.com,4979834837,2022-11-22,United States
1483,Neha Rao,Hyderabad,neha.rao247@yahoo.com,9064400864,2024-02-24,India
1179,Jessica Williams,Mumbai,jessica.williams635@gmail.com,9594996572,2022-09-05,India
1075,David Menon,Hyderabad,david.menon592@yahoo.com,9517329048,04/06/2022,India
1090,Michael Reddy,Bangalore,michael.reddy411@corp.example,9605344688,17/12/2021,India
1132,James Sharma,Delhi,james.sharma809@outlook.com,,04/01/2022,India
1237,Ritu Smith,London,ritu.smith113@outlook.com,4119333980,2022-05-19,United Kingdom
1093,Vikram Gupta,Chennai,vikram.gupta986@gmail.com,9622446431,2021-08-07,India
1049,Lakshmi Smith,Kolkata,lakshmi.smith967@yahoo.com,9439008474,2022-10-10,India
1356,Amit Joshi,San Francisco,amit.joshi49@gmail.com,4386233647,2021-07-07,United States
1502,ANANYA JOSHI,hyderabad,ananya.joshi547@corp.example,9611658363,2024-06-10,India
1174,Manish Reddy,Kolkata,manish.reddy661@corp.example,9738505149,2022-05-30,India
1378,Ravi Anderson,Bangalore,ravi.anderson203@yahoo.com,9224829285,18 Aug 2022,India
1214,Isha Miller,Hyderabad,,,2023-01-18,India
1189,Isha Williams,New York,isha.williams838@corp.example,4276398155,18/12/2023,United States
1038,Manish Menon,Bangalore,manish.menon136@outlook.com,9537760207,2023-07-13,India
1471,Vikram Wilson,Pune,,9449130196,18-12-2022,India
1007,Sneha Wilson,London,sneha.wilson719@outlook.com,4746507529,28-08-2021,United Kingdom
1061,James Gupta,Kolkata,james.gupta240@yahoo.com,9793814449,03 Jul 2022,India
1156,Karan Iyer,London,karan.iyer274@gmail.com,4153796003,22 Mar 2023,United Kingdom
1306,Isha Mehta,Delhi,isha.mehta319@outlook.com,9203754658,20/09/2022,India
1431,Varun Menon,Kolkata,varun.menon717@yahoo.com,,30/06/2023,India
1285,Nisha Rao,Pune,nisha.rao64@gmail.com,9042558225,2022-05-31,India
1096,Shreya Menon,San Francisco,shreya.menon104@corp.example,4378058567,07-03-2022,United States
1209,Pooja Rao,Pune,pooja.rao749@gmail.com,9204410380,2023-04-16,India
1142,Ananya Smith,Kolkata,ananya.smith135@outlook.com,9944318479,2024-03-13,India
1444,Rahul Brown,London,rahul.brown899@gmail.com,4865736893,30/09/2023,United Kingdom
1029,Gaurav Rao,Mumbai,gaurav.rao710@outlook.com,,2024-01-26,India
1313,Daniel Iyer,Chennai,daniel.iyer842@gmail.com,9950490053,13/10/2022,India
1467,Divya Nair,New York,divya.nair132@outlook.com,4889322584,05/01/2021,United States
1387,Laura Anderson,Pune,laura.anderson2@outlook.com,9288992241,2023-06-11,India
1484,David Williams,London,david.williams745@outlook.com,4277746017,23 Oct 2022,United Kingdom
1067,Shreya Gupta,Bangalore,shreya.gupta393@outlook.com,,23/07/2023,India
1250,Anjali Garcia,Hyderabad,anjali.garcia369@outlook.com,9297085238,2021-05-07,India
1345,Karan Gupta,New York,karan.gupta929@yahoo.com,4344032941,24/02/2023,United States
1360,Nisha Wilson,Delhi,nisha.wilson275@outlook.com,9564277202,2021-07-07,India
1069,Priya Sharma,New York,priya.sharma634@corp.example,4379727611,2021-09-21,United States
1303,Arjun Williams,Delhi,arjun.williams54@outlook.com,9558723980,12/11/2021,India
1023,Kavya Wilson,Hyderabad,kavya.wilson375@gmail.com,9877065894,2023-11-16,India
1407,Shreya Davis,Chennai,shreya.davis430@gmail.com,9666358469,2023-03-30,India
1291,Gaurav Nair,Delhi,gaurav.nair667@outlook.com,9650523097,17/06/2021,India
1208,Shreya Bose,Chennai,shreya.bose3@yahoo.com,9828818571,17/12/2022,India
1443,Sarah Kapoor,London,sarah.kapoor512@yahoo.com,4343587956,19/06/2021,United Kingdom
1100,Ravi Menon,Pune,ravi.menon803@yahoo.com,9646270453,11/09/2022,India
1260,Nisha Johnson,Mumbai,nisha.johnson610@gmail.com,9871734558,10/03/2024,India
1464,James Reddy,Delhi,james.reddy330@yahoo.com,9489284494,04/07/2023,India
1386,Harish Anderson,Pune,harish.anderson923@gmail.com,9451746993,2022-10-09,India
1267,Nisha Johnson,Mumbai,nisha.johnson389@gmail.com,9170398155,21/02/2024,India
1178,Rahul Kulkarni,London,rahul.kulkarni824@outlook.com,4371858768,13-11-2021,United Kingdom
1440,Varun Bose,Mumbai,varun.bose546@gmail.com,9123162845,18/05/2021,India
1514,GAURAV GARCIA,Pune,GAURAV.GARCIA435@GMAIL.COM,+91-98265-00069,07/05/2024,India
1040,Aditya Garcia,Pune,aditya.garcia13@outlook.com,9516691564,2021-04-09,India
1507,Shreya Davis,Madras,SHREYA.DAVIS430@GMAIL.COM,9666358469,2023-05-07,India
1163,Kavya Garcia,Hyderabad,kavya.garcia182@yahoo.com,9311858431,30 Sep 2022,India
1405,Divya Williams,Kolkata,divya.williams613@yahoo.com,9749328280,12/06/2021,India
1490,Daniel Brown,Chennai,daniel.brown304@corp.example,9018224792,2021-01-11,India
1165,Daniel Sharma,Chennai,daniel.sharma675@corp.example,,24-03-2021,India
1389,Divya Nair,London,divya.nair103@yahoo.com,4327983787,2021-07-23,United Kingdom
1204,Emily Sharma,Delhi,emily.sharma498@yahoo.com,9599739035,05/04/2021,India
1425,Arjun Joshi,Delhi,arjun.joshi338@gmail.com,9624809178,2021-10-21,India
1042,Tanvi Johnson,Mumbai,tanvi.johnson209@gmail.com,9679247082,2021-12-16,India
1217,Kavya Smith,Bangalore,kavya.smith652@corp.example,9326495076,2023-01-22,India
1027,James Smith,Pune,james.smith689@yahoo.com,9504000883,20/11/2023,India
1253,Jessica Menon,San Francisco,jessica.menon735@corp.example,4414700894,26/12/2022,United States
1232,Suresh Chopra,New York,suresh.chopra357@gmail.com,4137449981,17/02/2022,United States
1207,Rohan Smith,London,rohan.smith610@yahoo.com,4610051117,06/10/2021,United Kingdom
1150,Michael Iyer,New York,michael.iyer609@outlook.com,4018316586,2024-02-24,United States
1366,Lakshmi Anderson,Hyderabad,lakshmi.anderson815@yahoo.com,9571271534,2023-09-25,India
1233,Vikram Wilson,Delhi,vikram.wilson565@gmail.com,9967000891,26/04/2023,India
1400,Jessica Kapoor,Kolkata,jessica.kapoor519@gmail.com,9527100283,16-06-2021,India
1432,Suresh Mehta,Pune,suresh.mehta885@corp.example,9691171976,10/06/2022,India
1497,Anjali Reddy,Poona,anjali.reddy222@yahoo.com,9300412785,03-07-2022,India
1495,KARAN RAO,Delhi,KARAN.RAO848@GMAIL.COM,+91-99497-78862,2022-08-12,India
1002,Sneha Rao,Pune,sneha.rao48@yahoo.com,9628194821,2024-04-06,India
1221,Siddharth Wilson,San Francisco,siddharth.wilson206@corp.example,4048567113,07 Jun 2021,United States
1462,Meera Iyer,Bangalore,meera.iyer435@yahoo.com,,18/04/2023,India
1263,Emily Davis,New York,emily.davis258@gmail.com,4926797359,2022-01-24,United States
1269,Olivia Brown,Bangalore,olivia.brown600@corp.example,9907263779,2021-10-18,India
1479,Tanvi Johnson,Chennai,tanvi.johnson93@yahoo.com,9127903030,01/05/2022,India
1302,Arjun Smith,Pune,arjun.smith358@outlook.com,9674501424,07 Jul 2021,India
1028,Rohan Das,Delhi,rohan.das356@gmail.com,9014620168,01/08/2022,India
1441,Meera Johnson,Chennai,meera.johnson333@corp.example,9101750645,02/07/2023,India
1451,Emily Iyer,Hyderabad,emily.iyer88@outlook.com,9172882189,01-11-2021,India
1200,Siddharth Wilson,New York,,4048784588,16-07-2022,United States
1172,Nisha Brown,Bangalore,nisha.brown247@outlook.com,9862297631,16 Aug 2022,India
1415,John Reddy,Bangalore,john.reddy706@yahoo.com,9323237535,02/07/2023,India
1125,Sneha Reddy,Mumbai,sneha.reddy149@outlook.com,9349971755,2022-06-11,India
1349,Ravi Miller,Hyderabad,ravi.miller203@yahoo.com,9393443916,2021-01-21,India
1317,Aditya Kulkarni,Pune,aditya.kulkarni656@corp.example,9764975545,20/03/2024,India
1445,Amit Chopra,Hyderabad,amit.chopra790@yahoo.com,9704427934,01/01/2024,India
1429,James Reddy,Kolkata,james.reddy96@outlook.com,9223101612,21-05-2022,India
1203,John Taylor,Pune,john.taylor436@outlook.com,9739274244,01/07/2021,India
1245,Ananya Mehta,Kolkata,ananya.mehta700@gmail.com,9264525235,19 Mar 2023,India
1318,Harish Iyer,Mumbai,harish.iyer473@corp.example,9261284851,2022-04-01,India
1095,Shreya Davis,Hyderabad,shreya.davis677@yahoo.com,9067104832,14/02/2022,India
1390,Priya Mehta,London,priya.mehta455@gmail.com,4186349392,2022-12-12,United Kingdom
1316,Sarah Rao,Bangalore,sarah.rao66@gmail.com,9500351917,2021-04-18,India
1201,Varun Smith,Pune,varun.smith210@yahoo.com,9952228053,2023-06-24,India
1506,PRIYA TAYLOR,New York City,PRIYA.TAYLOR916@GMAIL.COM,,13/03/2024,United States
1266,Ravi Chopra,Hyderabad,ravi.chopra85@outlook.com,9721894863,2022-12-26,India
1322,Laura Nair,London,laura.nair617@outlook.com,4436387010,28/11/2022,United Kingdom
1391,Sarah Reddy,Delhi,sarah.reddy492@gmail.com,9424810903,2022-05-24,India
1102,Shreya Menon,Mumbai,shreya.menon649@gmail.com,9314491923,16 Jan 2022,India
1101,John Chopra,London,john.chopra497@corp.example,4152460195,2021-10-15,United Kingdom
1330,Ravi Kulkarni,Hyderabad,,9805885715,2022-06-06,India
1271,Rahul Iyer,Kolkata,rahul.iyer478@gmail.com,9330896402,17/08/2023,India
1324,Olivia Garcia,Pune,olivia.garcia609@yahoo.com,,01 May 2023,India
1076,Lakshmi Miller,Mumbai,lakshmi.miller990@outlook.com,9032496685,2021-04-08,India
1055,Olivia Iyer,Hyderabad,olivia.iyer320@corp.example,9572101415,2023-05-11,India
1374,Shreya Chopra,Pune,shreya.chopra117@outlook.com,9833655998,28/02/2024,India
1480,Anjali Anderson,Kolkata,,9297299850,30/09/2023,India
1224,Varun Singh,Delhi,varun.singh313@yahoo.com,9038577925,01 Dec 2022,India
1110,Laura Brown,New York,,4980169671,29/01/2021,United States
1021,Ravi Smith,San Francisco,ravi.smith965@yahoo.com,,10-10-2022,United States
1373,Kavya Gupta,Kolkata,kavya.gupta378@gmail.com,9687458521,12 Nov 2023,India
1171,Lakshmi Nair,New York,lakshmi.nair140@corp.example,4330872542,2021-10-18,United States
1051,Manish Rao,Hyderabad,manish.rao684@corp.example,9370565630,22/08/2022,India
1279,Kavya Johnson,Mumbai,kavya.johnson166@gmail.com,9565518172,2022-03-10,India
1243,Rahul Kapoor,Bangalore,rahul.kapoor501@gmail.com,9766947258,2022-03-14,India
1282,Ananya Wilson,New York,ananya.wilson506@outlook.com,4214466271,02-08-2023,United States
1073,Ritu Smith,Hyderabad,,9032624562,2022-06-26,India
1488,Manish Menon,Bangalore,manish.menon101@yahoo.com,9773284857,2022-05-29,India
1234,Manish Reddy,Bangalore,manish.reddy110@yahoo.com,9274881573,02/12/2021,India
1337,James Johnson,New York,james.johnson810@gmail.com,4709568208,2023-11-24,United States
1517,Harish A Das,Bangalore,harish.das596@yahoo.com,9559353600,2021-12-13,India
1079,Anjali Rao,Mumbai,anjali.rao170@gmail.com,9080623201,2021-01-26,India
1375,Divya Kapoor,London,divya.kapoor780@gmail.com,4515852515,27-11-2021,United Kingdom
1133,Shreya Taylor,Chennai,shreya.taylor236@yahoo.com,,2022-01-29,India
1419,Vikram Brown,Mumbai,vikram.brown388@outlook.com,9646917886,01/08/2021,India
1382,Ritu Wilson,Delhi,ritu.wilson124@gmail.com,9444137948,12-01-2021,India
1086,Priya Menon,Mumbai,priya.menon263@outlook.com,9559874906,2021-03-05,India
1436,Laura Taylor,Kolkata,laura.taylor21@corp.example,9311346365,26/03/2024,India
1485,Isha Miller,New York,isha.miller881@gmail.com,4234599150,06 Apr 2024,United States
1295,Neha Johnson,Kolkata,neha.johnson124@outlook.com,9228295023,2023-05-16,India
1144,Suresh Mehta,Mumbai,suresh.mehta303@gmail.com,9281957086,2023-06-20,India
1170,Tanvi Singh,Chennai,tanvi.singh179@yahoo.com,9843025561,17/02/2022,India
1115,Karan Nair,Hyderabad,karan.nair990@gmail.com,9267674954,28-07-2022,India
1468,Laura Gupta,Bangalore,laura.gupta71@outlook.com,9314875934,2022-07-28,India
1202,Anjali Mehta,Kolkata,anjali.mehta652@outlook.com,9735010165,2021-05-03,India
1370,Emily Nair,London,emily.nair696@gmail.com,4330999341,14/02/2022,United Kingdom
1120,Michael Taylor,Kolkata,michael.taylor65@yahoo.com,9984857893,23/01/2022,India
1047,Neha Das,Kolkata,neha.das410@corp.example,9402067970,2021-05-30,India
1081,Arjun Kapoor,New York,arjun.kapoor641@gmail.com,,2021-08-04,United States
1119,Siddharth Kapoor,Kolkata,siddharth.kapoor622@gmail.com,9734906781,04/01/2024,India
1518,Nikhil A Nair,london,nikhil.nair932@gmail.com,(431) 002-5167,30 Mar 2024,United Kingdom
1458,Pooja Taylor,Chennai,pooja.taylor418@outlook.com,9289772058,2022-03-04,India
1080,Ritu Johnson,Delhi,ritu.johnson673@yahoo.com,9638986928,2022-09-26,India
1409,Sarah Anderson,New York,sarah.anderson275@corp.example,4549528221,15/11/2021,United States
1014,Divya Chopra,London,divya.chopra266@yahoo.com,4575513137,2022-02-07,United Kingdom
